Borough,Neighborhood
Center City,Avenue of the Arts
Center City,Callowhill
Center City,Chinatown
Center City,Elfreth's Alley
Center City,Fitler Square
Center City,Franklintown
Center City,Logan Square
Center City,Jewelers' Row
Center City,Market East
Center City,Old City
Center City,Museum District
Center City,Penn Center
Center City,Penn's Landing
Center City,Rittenhouse Square
Center City,Society Hill
Center City,South Street
Center City,Washington Square West
South Philadelphia,Bella Vista
South Philadelphia,Devil's Pocket
South Philadelphia,Dickinson Narrows
South Philadelphia,East Passyunk Crossing
South Philadelphia,Franklin Delano Roosevelt Park
South Philadelphia,Girard Estate
South Philadelphia,Greenwich
South Philadelphia,Grays Ferry
South Philadelphia,Hawthorne
South Philadelphia,Italian Market
South Philadelphia,Lower Moyamensing
South Philadelphia,Marconi Plaza
South Philadelphia,Moyamensing
South Philadelphia,Newbold
South Philadelphia,Packer Park
South Philadelphia,Passyunk Square
South Philadelphia,Pennsport
South Philadelphia,Point Breeze
South Philadelphia,Queen Village
South Philadelphia,Schuylkill
South Philadelphia,Southwark
South Philadelphia,Southwest Center City / Graduate Hospital
South Philadelphia,Sports Complex
South Philadelphia,Tasker
South Philadelphia,Wharton
South Philadelphia,Whitman
South Philadelphia,Wilson Park
South Philadelphia,West Passyunk
Southwest Philadelphia,Angora
Southwest Philadelphia,Bartram Village
Southwest Philadelphia,Clearview
Southwest Philadelphia,Kingsessing
Southwest Philadelphia,Eastwick
Southwest Philadelphia,Elmwood Park
Southwest Philadelphia,Hedgerow
Southwest Philadelphia,Hog Island
Southwest Philadelphia,Mount Moriah
Southwest Philadelphia,Paschall
Southwest Philadelphia,Philadelphia International Airport
Southwest Philadelphia,Penrose
Southwest Philadelphia,Southwest Schuykill
West Philadelphia,Belmont District
West Philadelphia,Black Bottom
West Philadelphia,Carroll Park
West Philadelphia,Cathedral Park
West Philadelphia,Cedar Park
West Philadelphia,Cobbs Creek
West Philadelphia,Dunlap
West Philadelphia,Garden Court
West Philadelphia,Haddington
West Philadelphia,Haverford North
West Philadelphia,Mantua
West Philadelphia,Mill Creek
West Philadelphia,Overbrook
West Philadelphia,Overbrook Park
West Philadelphia,Overbrook Farms
West Philadelphia,Parkside
West Philadelphia,Powelton Village
West Philadelphia,Saunders Park
West Philadelphia,Spruce Hill
West Philadelphia,Squirrel Hill
West Philadelphia,University City
West Philadelphia,Walnut Hill
West Philadelphia,Woodland Terrace
West Philadelphia,Wynnefield
West Philadelphia,Wynnefield Heights
Northwest Philadelphia,Andorra
Northwest Philadelphia,Cedarbrook
Northwest Philadelphia,Chestnut Hill
Northwest Philadelphia,East Falls
Northwest Philadelphia,East Oak Lane
Northwest Philadelphia,Feltonville
Northwest Philadelphia,Fern Rock
Northwest Philadelphia,Germantown
Northwest Philadelphia,Logan
Northwest Philadelphia,Manayunk
Northwest Philadelphia,Melrose Park
Northwest Philadelphia,Morton
Northwest Philadelphia,Mount Airy
Northwest Philadelphia,Ogontz
Northwest Philadelphia,Olney
Northwest Philadelphia,Roxborough
Northwest Philadelphia,Upper Roxborough
Northwest Philadelphia,West Oak Lane
Northwest Philadelphia,Wissahickon
Northwest Philadelphia,Wister
North Philadelphia,Allegheny West
North Philadelphia,Brewerytown
North Philadelphia,Cabot
North Philadelphia,Fairhill
North Philadelphia,Fairmount
North Philadelphia,Francisville
North Philadelphia,Franklinville
North Philadelphia,Glenwood
North Philadelphia,Hartranft
North Philadelphia,Hunting Park
North Philadelphia,Ludlow
North Philadelphia,Nicetown-Tioga
North Philadelphia,North Central
North Philadelphia,Northern Liberties
North Philadelphia,Poplar
North Philadelphia,Sharswood
North Philadelphia,Spring Garden
North Philadelphia,South Lehigh
North Philadelphia,Stanton
North Philadelphia,Strawberry Mansion
North Philadelphia,Templetown (Temple University Area)
North Philadelphia,Yorktown
"Bridesburg, Kensington, Richmond",Bridesburg
"Bridesburg, Kensington, Richmond",Fishtown
"Bridesburg, Kensington, Richmond",Juniata
"Bridesburg, Kensington, Richmond",Kensington
"Bridesburg, Kensington, Richmond",Olde Kensington
"Bridesburg, Kensington, Richmond",Port Richmond
"Bridesburg, Kensington, Richmond",Richmond
"Bridesburg, Kensington, Richmond",West Kensington
The Northeast,Academy Gardens
The Northeast,Ashton-Woodenbridge
The Northeast,Burholme
The Northeast,Bustleton
The Northeast,Byberry
The Northeast,Castor Garden
The Northeast,Crescentville
The Northeast,Crestmont Farms
The Northeast,Fox Chase
The Northeast,Frankford
The Northeast,Holme Circle
The Northeast,Holmesburg
The Northeast,Krewstown
The Northeast,Lawncrest
The Northeast,Lawndale
The Northeast,Lexington Park
The Northeast,Mayfair
The Northeast,Millbrook
The Northeast,Modena Park
The Northeast,Morrell Park
The Northeast,Oxford Circle
The Northeast,Normandy
The Northeast,Northwood
The Northeast,Parkwood
The Northeast,Pennypack
The Northeast,Rhawnhurst
The Northeast,Ryers
The Northeast,Somerton
The Northeast,Tacony
The Northeast,Torresdale
The Northeast,Upper Holmesburg
The Northeast,Winchester Park
The Northeast,Wissinoming
